ome;frfe
0;0,325359
0,1;0,20583
0,2;0,147378
0,3;0,124446
0,4;0,121784
0,5;0,120667
0,6;0,112161
0,7;0,111151
0,8;0,116738
0,9;0,117029
1;0,111219
1,1;0,109807
1,2;0,111966
1,3;0,106576
1,4;0,101721
1,5;0,0973496
1,6;0,0964183
1,7;0,0917149
1,8;0,0853861
1,9;0,0805097
2;0,0720643
2,1;0,0690059
2,2;0,0642509
2,3;0,0511696
2,4;0,0426531
2,5;0,0277008
2,6;0,0123125
2,7;0,0166826
2,8;0,0425769
2,9;0,0741039
3;0,117168
3,1;0,156796
3,2;0,183374
3,3;0,170949
3,4;0,134561
3,5;0,105072
3,6;0,0982398
3,7;0,0908558
3,8;0,0812318
3,9;0,0768446
4;0,0724876
4,1;0,0685627
4,2;0,065765
4,3;0,0642451
4,4;0,0627355
4,5;0,0623391
4,6;0,0634744
4,7;0,0605399
4,8;0,0573764
4,9;0,0548375
5;0,0549055
5,1;0,0552526
5,2;0,0550745
5,3;0,0554634
5,4;0,0549957
5,5;0,0547193
5,6;0,053907
5,7;0,052677
5,8;0,0528449
5,9;0,0514579
6;0,0511047
6,1;0,049998
6,2;0,0494623
6,3;0,0490098
6,4;0,0488569
6,5;0,0476474
6,6;0,0477002
6,7;0,0480974
6,8;0,0472798
6,9;0,0468003
7;0,0445655
7,1;0,0439924
7,2;0,0438062
7,3;0,0440719
7,4;0,0434368
7,5;0,043231
7,6;0,0429982
7,7;0,0423918
7,8;0,0421181
7,9;0,0420202
8;0,0422226
8,1;0,0430932
8,2;0,0438893
8,3;0,0434439
8,4;0,04322
8,5;0,043384
8,6;0,0437392
8,7;0,0438131
8,8;0,0442371
8,9;0,044813
9;0,0456946
9,1;0,0458327
9,2;0,0458879
9,3;0,0463829
9,4;0,047167
9,5;0,0468516
9,6;0,0473249
9,7;0,047827
9,8;0,0484481
9,9;0,0488634
10;0,0496146
10,1;0,0505774
10,2;0,0522513
10,3;0,053079
10,4;0,0535192
10,5;0,053782
10,6;0,0545788
10,7;0,0560427
10,8;0,057304
10,9;0,0582569
11;0,0594219
11,1;0,0608172
11,2;0,0624917
11,3;0,0635132
11,4;0,0650581
11,5;0,0664783
11,6;0,067381
11,7;0,0684608
11,8;0,0697438
11,9;0,0710815
12;0,0723239
12,1;0,0740087
12,2;0,0754155
12,3;0,0775297
12,4;0,0797062
12,5;0,0822726
12,6;0,0852087
12,7;0,0879547
12,8;0,0896964
12,9;0,0915032
13;0,0933467
13,1;0,0962011
13,2;0,0989507
13,3;0,102943
13,4;0,105253
13,5;0,108707
13,6;0,11139
13,7;0,114819
13,8;0,118676
13,9;0,122752
14;0,128047
14,1;0,134727
14,2;0,139972
14,3;0,143012
14,4;0,145399
14,5;0,14804
14,6;0,151978
14,7;0,155169
14,8;0,158998
14,9;0,165685
15;0,173457
15,1;0,18078
15,2;0,188056
15,3;0,196085
15,4;0,204509
15,5;0,21285
15,6;0,22183
15,7;0,231784
15,8;0,242801
15,9;0,253828
16;0,265867
16,1;0,279656
16,2;0,293791
16,3;0,309818
16,4;0,328747
16,5;0,349755
16,6;0,372326
16,7;0,397997
16,8;0,427338
16,9;0,459985
17;0,498114
17,1;0,543105
17,2;0,59564
17,3;0,657503
17,4;0,731404
17,5;0,822914
17,6;0,938866
17,7;1,0857
17,8;1,27911
17,9;1,54595
18;1,9319
18,1;2,52705
18,2;3,50194
18,3;5,11167
18,4;6,36157
18,5;4,31641
18,6;2,81075
18,7;2,04236
18,8;1,59391
18,9;1,31559
19;1,13147
19,1;0,999415
19,2;0,89712
19,3;0,813448
19,4;0,744889
19,5;0,688299
19,6;0,639717
19,7;0,59741
19,8;0,560652
19,9;0,528926
20;0,501204
20,1;0,475888
20,2;0,453124
20,3;0,433024
20,4;0,415307
20,5;0,39917
20,6;0,384716
20,7;0,371233
20,8;0,359657
20,9;0,349242
21;0,338258
21,1;0,328406
21,2;0,320174
21,3;0,312648
21,4;0,305022
21,5;0,298393
21,6;0,292425
21,7;0,286237
21,8;0,279976
21,9;0,274558
22;0,269245
22,1;0,264291
22,2;0,259388
22,3;0,254849
22,4;0,25077
22,5;0,246835
22,6;0,243382
22,7;0,240491
22,8;0,236557
22,9;0,233126
23;0,230328
23,1;0,227798
23,2;0,225395
23,3;0,223271
23,4;0,220485
23,5;0,218246
23,6;0,215878
23,7;0,213608
23,8;0,211792
23,9;0,209746
24;0,207797
24,1;0,206313
24,2;0,204592
24,3;0,20331
24,4;0,201795
24,5;0,200167
24,6;0,199127
24,7;0,197297
24,8;0,195717
24,9;0,19393
25;0,192649
25,1;0,19174
25,2;0,190757
25,3;0,190045
25,4;0,189337
25,5;0,188712
25,6;0,188173
25,7;0,187599
25,8;0,186425
25,9;0,18535
26;0,18488
26,1;0,183938
26,2;0,182989
26,3;0,182207
26,4;0,181629
26,5;0,181107
26,6;0,180858
26,7;0,180324
26,8;0,180035
26,9;0,179732
27;0,179369
27,1;0,17973
27,2;0,179051
27,3;0,178542
27,4;0,178316
27,5;0,178145
27,6;0,17813
27,7;0,178306
27,8;0,177307
27,9;0,177006
28;0,177059
28,1;0,177335
28,2;0,177931
28,3;0,177795
28,4;0,177819
28,5;0,177789
28,6;0,177789
28,7;0,178059
28,8;0,177885
28,9;0,178054
29;0,178576
29,1;0,178841
29,2;0,179526
29,3;0,179588
29,4;0,18
29,5;0,179898
29,6;0,180265
29,7;0,180914
29,8;0,180343
29,9;0,18062
30;0,180948
30,1;0,180827
30,2;0,181274
30,3;0,181821
30,4;0,183218
30,5;0,183924
30,6;0,184211
30,7;0,185078
30,8;0,185866
30,9;0,185718
31;0,185926
31,1;0,185938
31,2;0,185885
31,3;0,186302
31,4;0,186813
31,5;0,187253
31,6;0,188388
31,7;0,188917
31,8;0,189566
31,9;0,189901
32;0,190414
32,1;0,191467
32,2;0,192057
32,3;0,193119
32,4;0,193883
32,5;0,194717
32,6;0,195338
32,7;0,195058
32,8;0,196025
32,9;0,196742
33;0,197182
33,1;0,197862
33,2;0,19851
33,3;0,19902
33,4;0,199351
33,5;0,198861
33,6;0,199512
33,7;0,200521
33,8;0,201879
33,9;0,2033
34;0,204368
34,1;0,205294
34,2;0,206809
34,3;0,208046
34,4;0,209354
34,5;0,210811
34,6;0,211961
34,7;0,213234
34,8;0,214426
34,9;0,216003
35;0,217862
35,1;0,218173
35,2;0,218627
35,3;0,219328
35,4;0,219935
35,5;0,2224
35,6;0,224477
35,7;0,226587
35,8;0,228399
35,9;0,229215
36;0,230556
36,1;0,232953
36,2;0,233671
36,3;0,234356
36,4;0,235546
36,5;0,2363
36,6;0,237704
36,7;0,239869
36,8;0,241197
36,9;0,242386
37;0,243711
37,1;0,245123
37,2;0,246439
37,3;0,247689
37,4;0,249883
37,5;0,251992
37,6;0,254097
37,7;0,256079
37,8;0,257758
37,9;0,259243
38;0,260803
38,1;0,262597
38,2;0,264741
38,3;0,266559
38,4;0,268596
38,5;0,270739
38,6;0,272985
38,7;0,275629
38,8;0,277776
38,9;0,280241
39;0,283449
39,1;0,286433
39,2;0,289334
39,3;0,292715
39,4;0,296577
39,5;0,299167
39,6;0,301913
39,7;0,305193
39,8;0,308179
39,9;0,311363
40;0,314288
40,1;0,316939
40,2;0,31954
40,3;0,322429
40,4;0,325816
40,5;0,329606
40,6;0,333089
40,7;0,33665
40,8;0,340467
40,9;0,34419
41;0,348079
41,1;0,352293
41,2;0,356411
41,3;0,360837
41,4;0,365185
41,5;0,369413
41,6;0,373591
41,7;0,377939
41,8;0,382647
41,9;0,386875
42;0,391175
42,1;0,396447
42,2;0,401699
42,3;0,405577
42,4;0,410424
42,5;0,415957
42,6;0,421876
42,7;0,427654
42,8;0,432895
42,9;0,438096
43;0,444724
43,1;0,451561
43,2;0,458134
43,3;0,465319
43,4;0,472418
43,5;0,478132
43,6;0,484873
43,7;0,492422
43,8;0,499042
43,9;0,506742
44;0,514299
44,1;0,521301
44,2;0,52979
44,3;0,537755
44,4;0,54507
44,5;0,553763
44,6;0,562987
44,7;0,572538
44,8;0,581388
44,9;0,591492
45;0,602541
45,1;0,612207
45,2;0,623436
45,3;0,636065
45,4;0,648202
45,5;0,660525
45,6;0,673111
45,7;0,685549
45,8;0,699139
45,9;0,712352
46;0,724981
46,1;0,739584
46,2;0,755023
46,3;0,770126
46,4;0,786409
46,5;0,803147
46,6;0,820684
46,7;0,839812
46,8;0,858753
46,9;0,878762
47;0,90157
47,1;0,924001
47,2;0,949614
47,3;0,978943
47,4;1,00623
47,5;1,03279
47,6;1,06171
47,7;1,093
47,8;1,12714
47,9;1,16432
48;1,20231
48,1;1,24207
48,2;1,28543
48,3;1,32592
48,4;1,37206
48,5;1,42127
48,6;1,46924
48,7;1,52521
48,8;1,58245
48,9;1,64365
49;1,71312
49,1;1,78638
49,2;1,86959
49,3;1,95845
49,4;2,05279
49,5;2,16172
49,6;2,28133
49,7;2,41127
49,8;2,56033
49,9;2,72506
50;2,91459
50,1;3,13173
50,2;3,38044
50,3;3,67092
50,4;4,01384
50,5;4,41554
50,6;4,89862
50,7;5,4968
50,8;6,24263
50,9;7,20684
51;8,50201
51,1;10,3041
51,2;12,9762
51,3;17,1262
51,4;23,412
51,5;29,8256
51,6;28,2371
51,7;20,5531
51,8;14,7241
51,9;11,2395
52;9,05215
52,1;7,58192
52,2;6,52324
52,3;5,73064
52,4;5,11484
52,5;4,6187
52,6;4,21295
52,7;3,87396
52,8;3,5856
52,9;3,3406
53;3,12773
53,1;2,94217
53,2;2,77869
53,3;2,63221
53,4;2,50183
53,5;2,38474
53,6;2,27767
53,7;2,18102
53,8;2,09349
53,9;2,01379
54;1,94066
54,1;1,8739
54,2;1,81158
54,3;1,75425
54,4;1,70161
54,5;1,65096
54,6;1,6063
54,7;1,56347
54,8;1,52257
54,9;1,48627
55;1,45034
55,1;1,41569
55,2;1,38363
55,3;1,35195
55,4;1,32247
55,5;1,29386
55,6;1,26509
55,7;1,23919
55,8;1,21353
55,9;1,18716
56;1,16414
56,1;1,14138
56,2;1,11913
56,3;1,09928
56,4;1,07943
56,5;1,06108
56,6;1,0453
56,7;1,028
56,8;1,01178
56,9;0,997815
57;0,983184
57,1;0,970028
57,2;0,95783
57,3;0,944835
57,4;0,932797
57,5;0,921243
57,6;0,908236
57,7;0,89691
57,8;0,886028
57,9;0,874528
58;0,864852
58,1;0,854912
58,2;0,844372
58,3;0,835479
58,4;0,826222
58,5;0,818127
58,6;0,810033
58,7;0,801507
58,8;0,795105
58,9;0,788197
59;0,781262
59,1;0,775383
59,2;0,769797
59,3;0,764092
59,4;0,758945
59,5;0,752408
59,6;0,746406
59,7;0,740512
59,8;0,732531
59,9;0,725948
60;0,719659
60,1;0,712923
60,2;0,706859
60,3;0,700999
60,4;0,694495
60,5;0,688401
60,6;0,68271
60,7;0,676988
60,8;0,672595
60,9;0,667893
61;0,663982
61,1;0,660669
61,2;0,657271
61,3;0,653842
61,4;0,650919
61,5;0,648001
61,6;0,644264
61,7;0,640253
61,8;0,636953
61,9;0,632964
62;0,629441
62,1;0,626127
62,2;0,622087
62,3;0,618482
62,4;0,615031
62,5;0,611367
62,6;0,60839
62,7;0,605538
62,8;0,602454
62,9;0,598676
63;0,595785
63,1;0,59379
63,2;0,590888
63,3;0,588883
63,4;0,588075
63,5;0,58646
63,6;0,585129
63,7;0,582812
63,8;0,580189
63,9;0,578064
64;0,576036
64,1;0,573788
64,2;0,57253
64,3;0,570778
64,4;0,569271
64,5;0,567786
64,6;0,565118
64,7;0,56322
64,8;0,561047
64,9;0,559024
65;0,557562
65,1;0,555263
65,2;0,552375
65,3;0,550427
65,4;0,547995
65,5;0,544547
65,6;0,540889
65,7;0,539433
65,8;0,53902
65,9;0,539428
66;0,539732
66,1;0,539392
66,2;0,539096
66,3;0,538577
66,4;0,538038
66,5;0,537761
66,6;0,537159
66,7;0,537109
66,8;0,536946
66,9;0,536526
67;0,535909
67,1;0,535768
67,2;0,535461
67,3;0,534503
67,4;0,533776
67,5;0,533275
67,6;0,532279
67,7;0,530728
67,8;0,529339
67,9;0,528805
68;0,528094
68,1;0,527296
68,2;0,526325
68,3;0,52465
68,4;0,523594
68,5;0,521989
68,6;0,520919
68,7;0,520614
68,8;0,519483
68,9;0,518145
69;0,517134
69,1;0,516364
69,2;0,516139
69,3;0,515305
69,4;0,514989
69,5;0,514923
69,6;0,515335
69,7;0,515878
69,8;0,516473
69,9;0,517067
70;0,516589
70,1;0,516247
70,2;0,515744
70,3;0,515193
70,4;0,515583
70,5;0,515478
70,6;0,515046
70,7;0,51509
70,8;0,515696
70,9;0,516336
71;0,516664
71,1;0,516777
71,2;0,517138
71,3;0,518068
71,4;0,519064
71,5;0,52028
71,6;0,520445
71,7;0,521494
71,8;0,522552
71,9;0,523482
72;0,524187
72,1;0,524021
72,2;0,524013
72,3;0,523955
72,4;0,524331
72,5;0,524261
72,6;0,524314
72,7;0,524396
72,8;0,524406
72,9;0,525243
73;0,525717
73,1;0,526297
73,2;0,52719
73,3;0,527822
73,4;0,529305
73,5;0,530329
73,6;0,531862
73,7;0,533412
73,8;0,535015
73,9;0,53612
74;0,537496
74,1;0,538863
74,2;0,54071
74,3;0,541613
74,4;0,542603
74,5;0,543684
74,6;0,544783
74,7;0,546169
74,8;0,546554
74,9;0,547428
75;0,548392
75,1;0,549339
75,2;0,550168
75,3;0,550634
75,4;0,551065
75,5;0,552056
75,6;0,553041
75,7;0,553856
75,8;0,554442
75,9;0,555223
76;0,556285
76,1;0,557225
76,2;0,557787
76,3;0,559073
76,4;0,560499
76,5;0,562219
76,6;0,56443
76,7;0,566315
76,8;0,568601
76,9;0,570874
77;0,573228
77,1;0,575587
77,2;0,578
77,3;0,579899
77,4;0,58239
77,5;0,585236
77,6;0,58686
77,7;0,589396
77,8;0,590997
77,9;0,592489
78;0,594286
78,1;0,595836
78,2;0,598056
78,3;0,600157
78,4;0,601796
78,5;0,60331
78,6;0,604151
78,7;0,605194
78,8;0,606412
78,9;0,608087
79;0,610322
79,1;0,612266
79,2;0,614783
79,3;0,616943
79,4;0,619477
79,5;0,622927
79,6;0,626125
79,7;0,629021
79,8;0,631633
79,9;0,635205
80;0,638395
80,1;0,640595
80,2;0,642591
80,3;0,644564
80,4;0,646696
80,5;0,649106
80,6;0,651448
80,7;0,653407
80,8;0,655806
80,9;0,658941
81;0,6622
81,1;0,665817
81,2;0,669409
81,3;0,673204
81,4;0,677085
81,5;0,680667
81,6;0,684459
81,7;0,686892
81,8;0,687872
81,9;0,688496
82;0,68945
82,1;0,691657
82,2;0,695744
82,3;0,700987
82,4;0,704584
82,5;0,706748
82,6;0,708623
82,7;0,708049
82,8;0,703654
82,9;0,698998
83;0,696886
83,1;0,698711
83,2;0,700791
83,3;0,704908
83,4;0,710474
83,5;0,714826
83,6;0,72203
83,7;0,727379
83,8;0,732703
83,9;0,73822
84;0,742785
84,1;0,750347
84,2;0,757728
84,3;0,762416
84,4;0,766282
84,5;0,769163
84,6;0,773304
84,7;0,77816
84,8;0,782262
84,9;0,787556
85;0,792359
85,1;0,796114
85,2;0,801245
85,3;0,806256
85,4;0,812355
85,5;0,819144
85,6;0,825527
85,7;0,833199
85,8;0,840422
85,9;0,846372
86;0,852221
86,1;0,858435
86,2;0,865588
86,3;0,872009
86,4;0,878044
86,5;0,883815
86,6;0,889764
86,7;0,897017
86,8;0,903823
86,9;0,909785
87;0,916286
87,1;0,922543
87,2;0,929265
87,3;0,936484
87,4;0,943252
87,5;0,950681
87,6;0,958
87,7;0,96509
87,8;0,972648
87,9;0,980729
88;0,989321
88,1;0,997839
88,2;1,00504
88,3;1,01363
88,4;1,02238
88,5;1,03087
88,6;1,04083
88,7;1,05011
88,8;1,05862
88,9;1,06884
89;1,07878
89,1;1,08864
89,2;1,09891
89,3;1,10828
89,4;1,11923
89,5;1,13033
89,6;1,13968
89,7;1,15016
89,8;1,16101
89,9;1,17114
90;1,18243
90,1;1,19337
90,2;1,2046
90,3;1,21611
90,4;1,22824
90,5;1,24137
90,6;1,25406
90,7;1,26855
90,8;1,28347
90,9;1,29853
91;1,31466
91,1;1,33075
91,2;1,34653
91,3;1,36372
91,4;1,38046
91,5;1,39726
91,6;1,41462
91,7;1,43124
91,8;1,44824
91,9;1,46451
92;1,4808
92,1;1,49673
92,2;1,51281
92,3;1,53004
92,4;1,54697
92,5;1,56438
92,6;1,58311
92,7;1,6022
92,8;1,62249
92,9;1,64457
93;1,66726
93,1;1,69078
93,2;1,71572
93,3;1,74142
93,4;1,76897
93,5;1,79807
93,6;1,82709
93,7;1,85719
93,8;1,88681
93,9;1,91812
94;1,94954
94,1;1,98081
94,2;2,01334
94,3;2,04492
94,4;2,07869
94,5;2,11458
94,6;2,14826
94,7;2,18411
94,8;2,22166
94,9;2,25832
95;2,29951
95,1;2,34166
95,2;2,38423
95,3;2,43133
95,4;2,4777
95,5;2,52571
95,6;2,57929
95,7;2,63173
95,8;2,68739
95,9;2,74788
96;2,80934
96,1;2,87666
96,2;2,94574
96,3;3,01417
96,4;3,08753
96,5;3,16378
96,6;3,24273
96,7;3,32399
96,8;3,40469
96,9;3,48971
97;3,58196
97,1;3,68022
97,2;3,78701
97,3;3,90259
97,4;4,02477
97,5;4,15592
97,6;4,29803
97,7;4,44867
97,8;4,60739
97,9;4,77565
98;4,95401
98,1;5,14551
98,2;5,35245
98,3;5,57401
98,4;5,81355
98,5;6,07721
98,6;6,36065
98,7;6,67063
98,8;7,01374
98,9;7,39102
99;7,81386
99,1;8,28612
99,2;8,81441
99,3;9,41847
99,4;10,1093
99,5;10,901
99,6;11,8247
99,7;12,9083
99,8;14,1989
99,9;15,7604
100;17,6763
100,1;20,0872
100,2;23,1837
100,3;27,29
100,4;32,9603
100,5;41,1241
100,6;53,466
100,7;71,7797
100,8;90,2192
100,9;83,2728
101;59,5095
101,1;42,8588
101,2;33,0035
101,3;26,7635
101,4;22,5035
101,5;19,4229
101,6;17,0879
101,7;15,2633
101,8;13,7989
101,9;12,5919
102;11,5831
102,1;10,7238
102,2;9,98461
102,3;9,34695
102,4;8,78331
102,5;8,28694
102,6;7,84904
102,7;7,45287
102,8;7,10051
102,9;6,78287
103;6,49241
103,1;6,23279
103,2;5,99319
103,3;5,76998
103,4;5,56703
103,5;5,3754
103,6;5,19636
103,7;5,03215
103,8;4,8745
103,9;4,72546
104;4,58797
104,1;4,45687
104,2;4,33382
104,3;4,21936
104,4;4,10927
104,5;4,00484
104,6;3,90709
104,7;3,81314
104,8;3,72528
104,9;3,64439
105;3,56728
105,1;3,49311
105,2;3,42217
105,3;3,35385
105,4;3,28947
105,5;3,22894
105,6;3,16955
105,7;3,11262
105,8;3,0577
105,9;3,00363
106;2,95265
106,1;2,9019
106,2;2,85175
106,3;2,8041
106,4;2,75651
106,5;2,71061
106,6;2,66658
106,7;2,62382
106,8;2,58335
106,9;2,54478
107;2,50781
107,1;2,47364
107,2;2,44093
107,3;2,40962
107,4;2,3804
107,5;2,35206
107,6;2,325
107,7;2,2995
107,8;2,27349
107,9;2,24921
108;2,22593
108,1;2,20254
108,2;2,17954
108,3;2,15665
108,4;2,13443
108,5;2,11251
108,6;2,0899
108,7;2,06809
108,8;2,04719
108,9;2,02643
109;2,00549
109,1;1,98493
109,2;1,96514
109,3;1,94641
109,4;1,92671
109,5;1,90826
109,6;1,89032
109,7;1,87228
109,8;1,85543
109,9;1,83874
110;1,82208
110,1;1,80626
110,2;1,78997
110,3;1,77373
110,4;1,75862
110,5;1,74371
110,6;1,72961
110,7;1,71632
110,8;1,70254
110,9;1,68969
111;1,67762
111,1;1,66575
111,2;1,6544
111,3;1,64353
111,4;1,63285
111,5;1,62235
111,6;1,61207
111,7;1,60126
111,8;1,591
111,9;1,58037
112;1,56941
112,1;1,55927
112,2;1,54862
112,3;1,53803
112,4;1,52781
112,5;1,51772
112,6;1,50723
112,7;1,49743
112,8;1,4883
112,9;1,48037
113;1,47269
113,1;1,46423
113,2;1,45661
113,3;1,44927
113,4;1,44212
113,5;1,43544
113,6;1,42865
113,7;1,42152
113,8;1,41538
113,9;1,40871
114;1,40153
114,1;1,39439
114,2;1,38693
114,3;1,37945
114,4;1,37141
114,5;1,36305
114,6;1,35555
114,7;1,34817
114,8;1,33995
114,9;1,33203
115;1,32532
115,1;1,31943
115,2;1,31416
115,3;1,30909
115,4;1,30369
115,5;1,29893
115,6;1,29514
115,7;1,2908
115,8;1,28758
115,9;1,2837
116;1,27956
116,1;1,2757
116,2;1,2718
116,3;1,26721
116,4;1,26198
116,5;1,25643
116,6;1,25089
116,7;1,24562
116,8;1,23955
116,9;1,23433
117;1,22958
117,1;1,22405
117,2;1,21929
117,3;1,21538
117,4;1,21227
117,5;1,2099
117,6;1,20755
117,7;1,20459
117,8;1,20223
117,9;1,1991
118;1,19625
118,1;1,19392
118,2;1,19143
118,3;1,18857
118,4;1,18541
118,5;1,18257
118,6;1,1795
118,7;1,17611
118,8;1,17312
118,9;1,17073
119;1,16736
119,1;1,16424
119,2;1,16241
119,3;1,15922
119,4;1,15599
119,5;1,15295
119,6;1,14971
119,7;1,14635
119,8;1,14268
119,9;1,1398
120;1,13681
120,1;1,13258
120,2;1,12875
120,3;1,125
120,4;1,1215
120,5;1,11803
120,6;1,11511
120,7;1,11218
120,8;1,10902
120,9;1,10586
121;1,10283
121,1;1,10022
121,2;1,09797
121,3;1,0955
121,4;1,0933
121,5;1,09173
121,6;1,09045
121,7;1,08881
121,8;1,08697
121,9;1,0849
122;1,08304
122,1;1,08112
122,2;1,07955
122,3;1,07887
122,4;1,07708
122,5;1,07537
122,6;1,0746
122,7;1,07265
122,8;1,0715
122,9;1,07057
123;1,06922
123,1;1,06878
123,2;1,06791
123,3;1,06663
123,4;1,06582
123,5;1,06472
123,6;1,06372
123,7;1,06232
123,8;1,06107
123,9;1,06004
124;1,05911
124,1;1,05743
124,2;1,05552
124,3;1,05488
124,4;1,05377
124,5;1,05254
124,6;1,05156
124,7;1,04984
124,8;1,04929
124,9;1,04862
125;1,04723
125,1;1,04665
125,2;1,04551
125,3;1,04483
125,4;1,04465
125,5;1,04372
125,6;1,04313
125,7;1,04269
125,8;1,04249
125,9;1,04212
126;1,04184
126,1;1,04115
126,2;1,0408
126,3;1,0404
126,4;1,04007
126,5;1,03996
126,6;1,03947
126,7;1,03938
126,8;1,03942
126,9;1,03964
127;1,03955
127,1;1,04015
127,2;1,04025
127,3;1,0407
127,4;1,04125
127,5;1,04184
127,6;1,04275
127,7;1,04382
127,8;1,04389
127,9;1,04409
128;1,04443
128,1;1,04471
128,2;1,04475
128,3;1,04451
128,4;1,04479
128,5;1,04449
128,6;1,04421
128,7;1,04395
128,8;1,04423
128,9;1,04446
129;1,04497
129,1;1,04652
129,2;1,04842
129,3;1,05056
129,4;1,05237
129,5;1,05366
129,6;1,05431
129,7;1,05506
129,8;1,05557
129,9;1,05625
130;1,05664
130,1;1,0565
130,2;1,0566
130,3;1,05651
130,4;1,05604
130,5;1,0554
130,6;1,05503
130,7;1,05454
130,8;1,05406
130,9;1,05361
131;1,05376
131,1;1,05358
131,2;1,05317
131,3;1,05342
131,4;1,05374
131,5;1,05414
131,6;1,05471
131,7;1,0553
131,8;1,05582
131,9;1,05659
132;1,05717
132,1;1,0584
132,2;1,05953
132,3;1,06043
132,4;1,06141
132,5;1,06237
132,6;1,06315
132,7;1,06422
132,8;1,06521
132,9;1,06605
133;1,06723
133,1;1,06839
133,2;1,06932
133,3;1,06924
133,4;1,06914
133,5;1,06873
133,6;1,06848
133,7;1,06903
133,8;1,07044
133,9;1,07222
134;1,07439
134,1;1,0771
134,2;1,07948
134,3;1,08129
134,4;1,08286
134,5;1,08444
134,6;1,08609
134,7;1,08798
134,8;1,08964
134,9;1,09168
135;1,09365
135,1;1,09604
135,2;1,09838
135,3;1,10081
135,4;1,10297
135,5;1,10539
135,6;1,10761
135,7;1,10953
135,8;1,11103
135,9;1,11265
136;1,11412
136,1;1,11625
136,2;1,11793
136,3;1,11894
136,4;1,12008
136,5;1,12118
136,6;1,12185
136,7;1,12339
136,8;1,12488
136,9;1,12617
137;1,1278
137,1;1,12922
137,2;1,13106
137,3;1,13294
137,4;1,13511
137,5;1,13779
137,6;1,13999
137,7;1,14291
137,8;1,14644
137,9;1,15034
138;1,15384
138,1;1,15679
138,2;1,15923
138,3;1,16148
138,4;1,16387
138,5;1,16671
138,6;1,17026
138,7;1,17284
138,8;1,17524
138,9;1,17805
139;1,18106
139,1;1,18361
139,2;1,18619
139,3;1,18867
139,4;1,19173
139,5;1,19493
139,6;1,19782
139,7;1,20112
139,8;1,20451
139,9;1,2082
140;1,21181
140,1;1,2156
140,2;1,21929
140,3;1,22299
140,4;1,22628
140,5;1,22947
140,6;1,23314
140,7;1,23675
140,8;1,2396
140,9;1,24244
141;1,24577
141,1;1,24911
141,2;1,25241
141,3;1,25611
141,4;1,25989
141,5;1,26325
141,6;1,26697
141,7;1,27098
141,8;1,2752
141,9;1,27951
142;1,28434
142,1;1,28924
142,2;1,29393
142,3;1,29848
142,4;1,30338
142,5;1,30798
142,6;1,31335
142,7;1,31849
142,8;1,32315
142,9;1,32813
143;1,3331
143,1;1,33797
143,2;1,34243
143,3;1,34698
143,4;1,35184
143,5;1,35685
143,6;1,3623
143,7;1,36684
143,8;1,37174
143,9;1,37697
144;1,3825
144,1;1,38751
144,2;1,3921
144,3;1,39703
144,4;1,40261
144,5;1,40744
144,6;1,4128
144,7;1,41879
144,8;1,42455
144,9;1,43063
145;1,43637
145,1;1,44252
145,2;1,44855
145,3;1,45456
145,4;1,46043
145,5;1,46611
145,6;1,47148
145,7;1,47731
145,8;1,48374
145,9;1,49042
146;1,49778
146,1;1,50475
146,2;1,51233
146,3;1,51953
146,4;1,52743
146,5;1,53554
146,6;1,54408
146,7;1,55254
146,8;1,56089
146,9;1,56898
147;1,57756
147,1;1,58541
147,2;1,59338
147,3;1,6007
147,4;1,60752
147,5;1,6139
147,6;1,61977
147,7;1,62592
147,8;1,63424
147,9;1,64341
148;1,65234
148,1;1,66059
148,2;1,66894
148,3;1,67634
148,4;1,68385
148,5;1,69106
148,6;1,69825
148,7;1,7056
148,8;1,71329
148,9;1,72126
149;1,72976
149,1;1,73809
149,2;1,74741
149,3;1,75753
149,4;1,76764
149,5;1,77757
149,6;1,78756
149,7;1,79831
149,8;1,80926
149,9;1,81908
150;1,82842
150,1;1,83716
150,2;1,84673
150,3;1,85719
150,4;1,86845
150,5;1,87948
150,6;1,89062
150,7;1,90156
150,8;1,91271
150,9;1,9235
151;1,93462
151,1;1,94565
151,2;1,95688
151,3;1,96877
151,4;1,98093
151,5;1,99285
151,6;2,00541
151,7;2,01871
151,8;2,03234
151,9;2,04595
152;2,05969
152,1;2,07328
152,2;2,08674
152,3;2,10155
152,4;2,11679
152,5;2,13158
152,6;2,14534
152,7;2,15886
152,8;2,17275
152,9;2,18754
153;2,20258
153,1;2,21751
153,2;2,23296
153,3;2,24927
153,4;2,26549
153,5;2,28235
153,6;2,29904
153,7;2,31655
153,8;2,33549
153,9;2,35522
154;2,3753
154,1;2,39553
154,2;2,41637
154,3;2,43803
154,4;2,45998
154,5;2,48243
154,6;2,50485
154,7;2,52749
154,8;2,55052
154,9;2,57413
155;2,59808
155,1;2,62113
155,2;2,64412
155,3;2,66791
155,4;2,69291
155,5;2,71813
155,6;2,74271
155,7;2,76706
155,8;2,79246
155,9;2,81913
156;2,84688
156,1;2,87495
156,2;2,90345
156,3;2,93239
156,4;2,96291
156,5;2,99492
156,6;3,02754
156,7;3,06054
156,8;3,09451
156,9;3,12957
157;3,16509
157,1;3,20166
157,2;3,23745
157,3;3,27396
157,4;3,31215
157,5;3,35122
157,6;3,39144
157,7;3,43199
157,8;3,47338
157,9;3,51479
158;3,55826
158,1;3,60326
158,2;3,64877
158,3;3,69538
158,4;3,74372
158,5;3,79421
158,6;3,8472
158,7;3,90188
158,8;3,95812
158,9;4,01543
159;4,07472
159,1;4,13598
159,2;4,19864
159,3;4,26211
159,4;4,32695
159,5;4,39241
159,6;4,45864
159,7;4,52693
159,8;4,59681
159,9;4,66739
160;4,73848
160,1;4,8108
160,2;4,88368
160,3;4,95966
160,4;5,0381
160,5;5,11683
160,6;5,19532
160,7;5,27427
160,8;5,35751
160,9;5,44374
161;5,5313
161,1;5,6179
161,2;5,70301
161,3;5,79493
161,4;5,8983
161,5;6,00164
161,6;6,10423
161,7;6,21553
161,8;6,33979
161,9;6,47465
162;6,61368
162,1;6,75591
162,2;6,9075
162,3;7,07301
162,4;7,24924
162,5;7,4277
162,6;7,61154
162,7;7,80628
162,8;8,01374
162,9;8,23262
163;8,46043
163,1;8,69609
163,2;8,94029
163,3;9,19455
163,4;9,4541
163,5;9,70795
163,6;9,951
163,7;10,1965
163,8;10,4765
163,9;10,8323
164;11,2957
164,1;11,8573
164,2;12,4855
164,3;13,1554
164,4;13,8667
164,5;14,6302
164,6;15,4597
164,7;16,3689
164,8;17,3735
164,9;18,4967
165;19,7645
165,1;21,206
165,2;22,858
165,3;24,7693
165,4;27,0059
165,5;29,6544
165,6;32,835
165,7;36,7253
165,8;41,5836
165,9;47,7996
166;55,988
166,1;67,1388
166,2;82,8705
166,3;105,544
166,4;135,771
166,5;156,885
166,6;137,696
166,7;104,518
166,8;80,2113
166,9;64,0639
167;53,0259
167,1;45,1399
167,2;39,269
167,3;34,7375
167,4;31,1362
167,5;28,2126
167,6;25,7939
167,7;23,7626
167,8;22,0342
167,9;20,5453
168;19,2485
168,1;18,1068
168,2;17,0927
168,3;16,1866
168,4;15,3706
168,5;14,6293
168,6;13,9539
168,7;13,3374
168,8;12,7727
168,9;12,2564
169;11,7817
169,1;11,3436
169,2;10,9391
169,3;10,5651
169,4;10,2191
169,5;9,89729
169,6;9,59515
169,7;9,31108
169,8;9,04526
169,9;8,79619
170;8,56208
170,1;8,34077
170,2;8,13061
170,3;7,93036
170,4;7,73907
170,5;7,55673
170,6;7,38437
170,7;7,21959
170,8;7,06113
170,9;6,90921
171;6,7638
171,1;6,6224
171,2;6,48631
171,3;6,35555
171,4;6,23132
171,5;6,11406
171,6;6,00353
171,7;5,89825
171,8;5,79736
171,9;5,70062
172;5,6073
172,1;5,51688
172,2;5,42915
172,3;5,34445
172,4;5,26205
172,5;5,18063
172,6;5,101
172,7;5,02379
172,8;4,94934
172,9;4,87628
173;4,80518
173,1;4,73577
173,2;4,66932
173,3;4,60448
173,4;4,5416
173,5;4,4807
173,6;4,42154
173,7;4,36423
173,8;4,3091
173,9;4,25525
174;4,20298
174,1;4,15203
174,2;4,10183
174,3;4,05382
174,4;4,00616
174,5;3,95926
174,6;3,91383
174,7;3,86951
174,8;3,82582
174,9;3,784
175;3,74379
175,1;3,70453
175,2;3,66621
175,3;3,62935
175,4;3,59408
175,5;3,55992
175,6;3,52729
175,7;3,49616
175,8;3,46602
175,9;3,4363
176;3,40735
176,1;3,37887
176,2;3,34958
176,3;3,32056
176,4;3,29192
176,5;3,26303
176,6;3,23375
176,7;3,2055
176,8;3,17741
176,9;3,14983
177;3,12188
177,1;3,09452
177,2;3,06809
177,3;3,0417
177,4;3,01611
177,5;2,99103
177,6;2,96716
177,7;2,94452
177,8;2,92179
177,9;2,90044
178;2,87917
178,1;2,85803
178,2;2,83774
178,3;2,81837
178,4;2,7996
178,5;2,78289
178,6;2,76679
178,7;2,75003
178,8;2,73304
178,9;2,71619
179;2,70062
179,1;2,68555
179,2;2,67099
179,3;2,65664
179,4;2,64221
179,5;2,62785
179,6;2,61281
179,7;2,59736
179,8;2,58274
179,9;2,56786
180;2,55344
180,1;2,53861
180,2;2,52464
180,3;2,50965
180,4;2,49372
180,5;2,47709
180,6;2,45987
180,7;2,4427
180,8;2,42562
180,9;2,4081
181;2,39157
181,1;2,37556
181,2;2,35972
181,3;2,34482
181,4;2,33047
181,5;2,31672
181,6;2,30425
181,7;2,2926
181,8;2,28219
181,9;2,27307
182;2,26419
182,1;2,25554
182,2;2,24767
182,3;2,23974
182,4;2,23167
182,5;2,2249
182,6;2,21763
182,7;2,20774
182,8;2,19083
182,9;2,1664
183;2,1425
183,1;2,12662
183,2;2,1178
183,3;2,11167
183,4;2,10632
183,5;2,09881
183,6;2,08926
183,7;2,07901
183,8;2,07042
183,9;2,0621
184;2,05368
184,1;2,04592
184,2;2,03848
184,3;2,03102
184,4;2,02384
184,5;2,01694
184,6;2,00936
184,7;2,00161
184,8;1,99357
184,9;1,986
185;1,97909
185,1;1,9721
185,2;1,964
185,3;1,9558
185,4;1,94774
185,5;1,94024
185,6;1,93309
185,7;1,92637
185,8;1,91943
185,9;1,91289
186;1,90673
186,1;1,90045
186,2;1,89476
186,3;1,88871
186,4;1,88315
186,5;1,87745
186,6;1,87252
186,7;1,86674
186,8;1,86173
186,9;1,85592
187;1,85031
187,1;1,84405
187,2;1,83838
187,3;1,83239
187,4;1,82645
187,5;1,82025
187,6;1,81432
187,7;1,80877
187,8;1,80365
187,9;1,7985
188;1,79265
188,1;1,78694
188,2;1,78198
188,3;1,77723
188,4;1,7725
188,5;1,76724
188,6;1,76229
188,7;1,75761
188,8;1,75323
188,9;1,74898
189;1,74448
189,1;1,74006
189,2;1,7363
189,3;1,73235
189,4;1,7287
189,5;1,72502
189,6;1,72048
189,7;1,71676
189,8;1,71301
189,9;1,70929
190;1,70552
190,1;1,70189
190,2;1,69825
190,3;1,69465
190,4;1,69097
190,5;1,68762
190,6;1,68391
190,7;1,68027
190,8;1,67574
190,9;1,67122
191;1,66743
191,1;1,6633
191,2;1,65905
191,3;1,65453
191,4;1,65052
191,5;1,64631
191,6;1,64163
191,7;1,63712
191,8;1,63307
191,9;1,62915
192;1,62517
192,1;1,62188
192,2;1,61827
192,3;1,61538
192,4;1,61292
192,5;1,61039
192,6;1,60823
192,7;1,60634
192,8;1,60444
192,9;1,6031
193;1,60167
193,1;1,60008
193,2;1,59856
193,3;1,59682
193,4;1,59541
193,5;1,5939
193,6;1,59242
193,7;1,59094
193,8;1,58973
193,9;1,58797
194;1,58564
194,1;1,58343
194,2;1,58116
194,3;1,57855
194,4;1,57606
194,5;1,57342
194,6;1,56999
194,7;1,56638
194,8;1,56318
194,9;1,56054
195;1,55812
195,1;1,55557
195,2;1,5537
195,3;1,55165
195,4;1,5495
195,5;1,5474
195,6;1,54579
195,7;1,54418
195,8;1,54252
195,9;1,54081
196;1,53916
196,1;1,53742
196,2;1,53552
196,3;1,53414
196,4;1,53202
196,5;1,52998
196,6;1,52811
196,7;1,52603
196,8;1,5229
196,9;1,5195
197;1,51631
197,1;1,51366
197,2;1,51201
197,3;1,51167
197,4;1,51181
197,5;1,51067
197,6;1,50934
197,7;1,50769
197,8;1,50606
197,9;1,50413
198;1,50125
198,1;1,49765
198,2;1,49398
198,3;1,49
198,4;1,48649
198,5;1,48441
198,6;1,48273
198,7;1,48146
198,8;1,48047
198,9;1,47999
199;1,47825
199,1;1,4763
199,2;1,47408
199,3;1,47183
199,4;1,46988
199,5;1,46963
199,6;1,46958
199,7;1,46877
199,8;1,4687
199,9;1,46928
200;1,46924
200,1;1,46919
200,2;1,46936
200,3;1,46941
200,4;1,46987
200,5;1,46971
200,6;1,47081
200,7;1,47134
200,8;1,47157
200,9;1,4726
201;1,47315
201,1;1,47382
201,2;1,47468
201,3;1,47524
201,4;1,47532
201,5;1,47388
201,6;1,47312
201,7;1,47337
201,8;1,47466
201,9;1,47532
202;1,47495
202,1;1,47459
202,2;1,47428
202,3;1,47346
202,4;1,47218
202,5;1,47154
202,6;1,47146
202,7;1,47045
202,8;1,46997
202,9;1,46905
203;1,46872
203,1;1,46892
203,2;1,46935
203,3;1,46953
203,4;1,46944
203,5;1,46939
203,6;1,46971
203,7;1,46978
203,8;1,46936
203,9;1,46889
204;1,46805
204,1;1,46797
204,2;1,46867
204,3;1,46944
204,4;1,47031
204,5;1,47094
204,6;1,47102
204,7;1,47117
204,8;1,4718
204,9;1,4731
205;1,47411
205,1;1,47515
205,2;1,47683
205,3;1,4786
205,4;1,48052
205,5;1,48189
205,6;1,48313
205,7;1,48448
205,8;1,48551
205,9;1,48664
206;1,48718
206,1;1,48759
206,2;1,48825
206,3;1,48825
206,4;1,48812
206,5;1,48741
206,6;1,48678
206,7;1,48635
206,8;1,48553
206,9;1,48526
207;1,4855
207,1;1,48553
207,2;1,48585
207,3;1,48681
207,4;1,48849
207,5;1,49059
207,6;1,49243
207,7;1,49428
207,8;1,49617
207,9;1,49822
208;1,50007
208,1;1,5017
208,2;1,50399
208,3;1,50616
208,4;1,50692
208,5;1,50779
208,6;1,50889
208,7;1,50992
208,8;1,51082
208,9;1,51192
209;1,51324
209,1;1,51439
209,2;1,51571
209,3;1,51679
209,4;1,51823
209,5;1,51998
209,6;1,52166
209,7;1,52352
209,8;1,52577
209,9;1,52809
210;1,53038
210,1;1,5333
210,2;1,53579
210,3;1,53781
210,4;1,53945
210,5;1,54085
210,6;1,54237
210,7;1,54402
210,8;1,54498
210,9;1,54622
211;1,54671
211,1;1,5473
211,2;1,54824
211,3;1,54928
211,4;1,5515
211,5;1,55396
211,6;1,55645
211,7;1,55928
211,8;1,56202
211,9;1,56465
212;1,56764
212,1;1,57037
212,2;1,57303
212,3;1,57575
212,4;1,578
212,5;1,58078
212,6;1,58282
212,7;1,58431
212,8;1,58583
212,9;1,58734
213;1,58914
213,1;1,59122
213,2;1,59323
213,3;1,59481
213,4;1,59687
213,5;1,59869
213,6;1,60107
213,7;1,60368
213,8;1,60614
213,9;1,6099
214;1,61335
214,1;1,61692
214,2;1,62071
214,3;1,62441
214,4;1,62857
214,5;1,63333
214,6;1,63821
214,7;1,64221
214,8;1,64651
214,9;1,65116
215;1,65537
215,1;1,65927
215,2;1,66211
215,3;1,66505
215,4;1,66897
215,5;1,67365
215,6;1,67778
215,7;1,67996
215,8;1,68058
215,9;1,68354
216;1,68868
216,1;1,69401
216,2;1,69918
216,3;1,70402
216,4;1,70835
216,5;1,7128
216,6;1,71677
216,7;1,72047
216,8;1,72352
216,9;1,72556
217;1,72682
217,1;1,72751
217,2;1,72744
217,3;1,72818
217,4;1,72911
217,5;1,73033
217,6;1,73222
217,7;1,73522
217,8;1,73809
217,9;1,74133
218;1,74501
218,1;1,7506
218,2;1,75628
218,3;1,76083
218,4;1,76568
218,5;1,77062
218,6;1,77483
218,7;1,77886
218,8;1,78325
218,9;1,78775
219;1,79199
219,1;1,79585
219,2;1,80005
219,3;1,80494
219,4;1,80936
219,5;1,81455
219,6;1,81982
219,7;1,82474
219,8;1,83017
219,9;1,83576
220;1,84152
220,1;1,84772
220,2;1,85282
220,3;1,8564
220,4;1,86022
220,5;1,864
220,6;1,8678
220,7;1,87187
220,8;1,87584
220,9;1,87976
221;1,88443
221,1;1,88962
221,2;1,89434
221,3;1,8992
221,4;1,90435
221,5;1,90983
221,6;1,91588
221,7;1,92173
221,8;1,92813
221,9;1,93474
222;1,9418
222,1;1,94864
222,2;1,95581
222,3;1,96311
222,4;1,96974
222,5;1,97634
222,6;1,98292
222,7;1,98905
222,8;1,99487
222,9;2,0011
223;2,00674
223,1;2,01209
223,2;2,01833
223,3;2,0245
223,4;2,03073
223,5;2,03697
223,6;2,04438
223,7;2,05173
223,8;2,05934
223,9;2,06704
224;2,07499
224,1;2,08328
224,2;2,0926
224,3;2,10167
224,4;2,11109
224,5;2,12045
224,6;2,12882
224,7;2,13698
224,8;2,14518
224,9;2,1542
225;2,16259
225,1;2,1706
225,2;2,17883
225,3;2,18618
225,4;2,19403
225,5;2,20282
225,6;2,21099
225,7;2,2189
225,8;2,22744
225,9;2,23642
226;2,24563
226,1;2,25482
226,2;2,26417
226,3;2,27438
226,4;2,28413
226,5;2,29393
226,6;2,30408
226,7;2,31387
226,8;2,32268
226,9;2,33107
227;2,33959
227,1;2,34826
227,2;2,35754
227,3;2,36634
227,4;2,37547
227,5;2,38489
227,6;2,39378
227,7;2,40414
227,8;2,41556
227,9;2,42681
228;2,43872
228,1;2,45049
228,2;2,46254
228,3;2,47459
228,4;2,48642
228,5;2,49815
228,6;2,51046
228,7;2,52296
228,8;2,53529
228,9;2,54739
229;2,55916
229,1;2,57126
229,2;2,58295
229,3;2,59426
229,4;2,60583
229,5;2,61776
229,6;2,62956
229,7;2,64141
229,8;2,65353
229,9;2,66579
230;2,67767
230,1;2,69114
230,2;2,70689
230,3;2,72298
230,4;2,73829
230,5;2,75379
230,6;2,76895
230,7;2,78433
230,8;2,7995
230,9;2,81552
231;2,83164
231,1;2,84788
231,2;2,86409
231,3;2,87978
231,4;2,89587
231,5;2,91185
231,6;2,92782
231,7;2,94332
231,8;2,95771
231,9;2,9725
232;2,98828
232,1;3,00417
232,2;3,01843
232,3;3,03262
232,4;3,04909
232,5;3,06971
232,6;3,09219
232,7;3,11488
232,8;3,13656
232,9;3,15829
233;3,18076
233,1;3,20278
233,2;3,22529
233,3;3,24811
233,4;3,27184
233,5;3,2965
233,6;3,32117
233,7;3,34572
233,8;3,37064
233,9;3,39473
234;3,41869
234,1;3,443
234,2;3,46711
234,3;3,49113
234,4;3,51523
234,5;3,53895
234,6;3,56268
234,7;3,5867
234,8;3,61141
234,9;3,63631
235;3,66176
235,1;3,68799
235,2;3,71561
235,3;3,74475
235,4;3,77439
235,5;3,80543
235,6;3,83752
235,7;3,87067
235,8;3,90371
235,9;3,93721
236;3,97023
236,1;4,00332
236,2;4,03717
236,3;4,0713
236,4;4,10463
236,5;4,13887
236,6;4,17183
236,7;4,2034
236,8;4,23471
236,9;4,26648
237;4,29958
237,1;4,33469
237,2;4,37086
237,3;4,40905
237,4;4,44936
237,5;4,49087
237,6;4,53434
237,7;4,57916
237,8;4,62423
237,9;4,67119
238;4,71921
238,1;4,76851
238,2;4,81898
238,3;4,8698
238,4;4,9211
238,5;4,97302
238,6;5,02427
238,7;5,07613
238,8;5,12902
238,9;5,182
239;5,2359
239,1;5,29018
239,2;5,3456
239,3;5,4031
239,4;5,46186
239,5;5,52226
239,6;5,58435
239,7;5,64847
239,8;5,71455
239,9;5,78296
240;5,85277
240,1;5,92325
240,2;5,99483
240,3;6,06703
240,4;6,14078
240,5;6,21645
240,6;6,292
240,7;6,36928
240,8;6,4489
240,9;6,52981
241;6,61326
241,1;6,69985
241,2;6,78985
241,3;6,88501
241,4;6,98493
241,5;7,08924
241,6;7,19821
241,7;7,31328
241,8;7,43374
241,9;7,56048
242;7,69211
242,1;7,82782
242,2;7,96805
242,3;8,11229
242,4;8,25944
242,5;8,40874
242,6;8,55913
242,7;8,71093
242,8;8,86567
242,9;9,02299
243;9,18476
243,1;9,35031
243,2;9,52102
243,3;9,69856
243,4;9,88369
243,5;10,0769
243,6;10,2807
243,7;10,495
243,8;10,7203
243,9;10,9594
244;11,2112
244,1;11,4764
244,2;11,7564
244,3;12,0525
244,4;12,3641
244,5;12,6908
244,6;13,0323
244,7;13,3903
244,8;13,766
244,9;14,1598
245;14,5743
245,1;15,0122
245,2;15,4746
245,3;15,9644
245,4;16,4844
245,5;17,0341
245,6;17,6185
245,7;18,2439
245,8;18,9164
245,9;19,6429
246;20,432
246,1;21,2916
246,2;22,2266
246,3;23,2476
246,4;24,3661
246,5;25,5938
246,6;26,9442
246,7;28,4383
246,8;30,0995
246,9;31,9525
247;34,0321
247,1;36,3801
247,2;39,0503
247,3;42,1163
247,4;45,6672
247,5;49,817
247,6;54,7293
247,7;60,6246
247,8;67,798
247,9;76,6506
248;87,7159
248,1;101,678
248,2;119,294
248,3;140,806
248,4;164,091
248,5;180,84
248,6;177,536
248,7;153,797
248,8;125,501
248,9;102,35
249;85,3421
249,1;72,9557
249,2;63,6338
249,3;56,3888
249,4;50,6295
249,5;45,9489
249,6;42,0628
249,7;38,7774
249,8;35,9665
249,9;33,5333
250;31,4122
250,1;29,5502
250,2;27,9024
250,3;26,435
250,4;25,1168
250,5;23,9267
250,6;22,8526
250,7;21,8742
250,8;20,9786
250,9;20,1564
251;19,3943
251,1;18,6855
251,2;18,0268
251,3;17,4113
251,4;16,836
251,5;16,2995
251,6;15,7968
251,7;15,3265
251,8;14,8854
251,9;14,4702
252;14,0786
252,1;13,7086
252,2;13,3587
252,3;13,0267
252,4;12,7122
252,5;12,4138
252,6;12,1317
252,7;11,8633
252,8;11,6056
252,9;11,3587
253;11,1218
253,1;10,8963
253,2;10,68
253,3;10,4714
253,4;10,2686
253,5;10,0721
253,6;9,88258
253,7;9,69984
253,8;9,52464
253,9;9,3564
254;9,1929
254,1;9,03448
254,2;8,88241
254,3;8,73548
254,4;8,5939
254,5;8,4581
254,6;8,32742
254,7;8,20062
254,8;8,07864
254,9;7,96123
255;7,84783
255,1;7,73765
255,2;7,63077
255,3;7,52644
255,4;7,42363
255,5;7,32425
255,6;7,22741
255,7;7,13204
255,8;7,03931
255,9;6,94987
256;6,863
256,1;6,77791
256,2;6,69502
256,3;6,61444
256,4;6,53695
256,5;6,46261
256,6;6,39029
256,7;6,31918
256,8;6,25088
256,9;6,18482
257;6,11986
257,1;6,05701
257,2;5,99534
257,3;5,93395
257,4;5,87348
257,5;5,81467
257,6;5,75667
257,7;5,69834
257,8;5,64148
257,9;5,58615
258;5,53077
258,1;5,47561
258,2;5,42185
258,3;5,36952
258,4;5,31806
258,5;5,26758
258,6;5,21874
258,7;5,17121
258,8;5,12523
258,9;5,08138
259;5,03925
259,1;4,99834
259,2;4,95895
259,3;4,92208
259,4;4,88547
259,5;4,84975
259,6;4,81434
259,7;4,77944
259,8;4,74405
259,9;4,70871
260;4,67306
260,1;4,63718
260,2;4,60008
260,3;4,56156
260,4;4,52291
260,5;4,48485
260,6;4,4465
260,7;4,40778
260,8;4,37019
260,9;4,33483
261;4,30061
261,1;4,26701
261,2;4,23471
261,3;4,20461
261,4;4,17713
261,5;4,15173
261,6;4,12777
261,7;4,1052
261,8;4,08345
261,9;4,06247
262;4,04187
262,1;4,02218
262,2;4,00208
262,3;3,98151
262,4;3,96094
262,5;3,9402
262,6;3,91867
262,7;3,89692
262,8;3,87428
262,9;3,85106
263;3,827
263,1;3,80221
263,2;3,77673
263,3;3,75046
263,4;3,72356
263,5;3,69621
263,6;3,66814
263,7;3,63985
263,8;3,6125
263,9;3,58533
264;3,55995
264,1;3,53764
264,2;3,51745
264,3;3,49887
264,4;3,48193
264,5;3,46671
264,6;3,45297
264,7;3,441
264,8;3,42951
264,9;3,41801
265;3,40534
265,1;3,39049
265,2;3,3734
265,3;3,35497
265,4;3,33746
265,5;3,32029
265,6;3,3032
265,7;3,28674
265,8;3,26959
265,9;3,25284
266;3,23665
266,1;3,22061
266,2;3,20484
266,3;3,18979
266,4;3,17506
266,5;3,16065
266,6;3,14668
266,7;3,13337
266,8;3,12022
266,9;3,10701
267;3,09281
267,1;3,07659
267,2;3,05842
267,3;3,04286
267,4;3,03045
267,5;3,01997
267,6;3,0096
267,7;2,99933
267,8;2,98892
267,9;2,97806
268;2,96718
268,1;2,95633
268,2;2,94532
268,3;2,93474
268,4;2,92418
268,5;2,91293
268,6;2,90185
268,7;2,89103
268,8;2,88021
268,9;2,86945
269;2,85963
269,1;2,84945
269,2;2,83932
269,3;2,82953
269,4;2,82014
269,5;2,81108
269,6;2,80277
269,7;2,79367
269,8;2,78427
269,9;2,77626
270;2,76888
270,1;2,76141
270,2;2,75368
270,3;2,74597
270,4;2,73796
270,5;2,72928
270,6;2,72054
270,7;2,71153
270,8;2,70327
270,9;2,69486
271;2,68521
271,1;2,67559
271,2;2,666
271,3;2,65638
271,4;2,6467
271,5;2,6375
271,6;2,62837
271,7;2,61912
271,8;2,6098
271,9;2,60143
272;2,59364
272,1;2,58564
272,2;2,57826
272,3;2,57128
272,4;2,56431
272,5;2,55794
272,6;2,55156
272,7;2,54503
272,8;2,53892
272,9;2,53291
273;2,5265
273,1;2,5199
273,2;2,51317
273,3;2,50697
273,4;2,50012
273,5;2,49338
273,6;2,48701
273,7;2,48055
273,8;2,47403
273,9;2,46731
274;2,46119
274,1;2,45439
274,2;2,44804
274,3;2,44198
274,4;2,43578
274,5;2,43001
274,6;2,42338
274,7;2,417
274,8;2,41109
274,9;2,40515
275;2,39929
275,1;2,39338
275,2;2,38739
275,3;2,38088
275,4;2,3748
275,5;2,36871
275,6;2,36262
275,7;2,3567
275,8;2,35158
275,9;2,34636
276;2,34083
276,1;2,33512
276,2;2,32965
276,3;2,32461
276,4;2,31914
276,5;2,31397
276,6;2,30893
276,7;2,30351
276,8;2,29851
276,9;2,29424
277;2,28997
277,1;2,28527
277,2;2,28058
277,3;2,27599
277,4;2,27208
277,5;2,26796
277,6;2,26374
277,7;2,2588
277,8;2,25386
277,9;2,24899
278;2,24406
278,1;2,23883
278,2;2,23349
278,3;2,2282
278,4;2,22344
278,5;2,21941
278,6;2,21526
278,7;2,21146
278,8;2,2082
278,9;2,20503
279;2,20094
279,1;2,19753
279,2;2,19402
279,3;2,19116
279,4;2,18846
279,5;2,18541
279,6;2,18254
279,7;2,17958
279,8;2,17604
279,9;2,17181
280;2,16714
280,1;2,16207
280,2;2,15584
280,3;2,14957
280,4;2,14452
280,5;2,14067
280,6;2,13832
280,7;2,1363
280,8;2,13465
280,9;2,13307
281;2,13127
281,1;2,12995
281,2;2,1289
281,3;2,12776
281,4;2,12529
281,5;2,12149
281,6;2,1189
281,7;2,11779
281,8;2,11752
281,9;2,11644
282;2,11389
282,1;2,11116
282,2;2,10866
282,3;2,10573
282,4;2,1021
282,5;2,09877
282,6;2,09548
282,7;2,09151
282,8;2,08793
282,9;2,08389
283;2,08013
283,1;2,07642
283,2;2,0724
283,3;2,06875
283,4;2,06537
283,5;2,06199
283,6;2,05795
283,7;2,0548
283,8;2,05281
283,9;2,05028
284;2,04788
284,1;2,04568
284,2;2,04361
284,3;2,04166
284,4;2,04015
284,5;2,03883
284,6;2,0375
284,7;2,03642
284,8;2,03489
284,9;2,03358
285;2,03248
285,1;2,03072
285,2;2,0291
285,3;2,02724
285,4;2,02524
285,5;2,02349
285,6;2,0212
285,7;2,01936
285,8;2,01929
285,9;2,01796
286;2,01439
286,1;2,00964
286,2;2,00497
286,3;2,00119
286,4;1,99886
286,5;1,99768
286,6;1,99617
286,7;1,99464
286,8;1,99379
286,9;1,99338
287;1,99198
287,1;1,99047
287,2;1,98948
287,3;1,98804
287,4;1,98668
287,5;1,98579
287,6;1,98495
287,7;1,98415
287,8;1,98243
287,9;1,98138
288;1,9809
288,1;1,98005
288,2;1,97886
288,3;1,97785
288,4;1,97702
288,5;1,97608
288,6;1,97526
288,7;1,97452
288,8;1,97374
288,9;1,97293
289;1,97226
289,1;1,9714
289,2;1,97061
289,3;1,9698
289,4;1,96892
289,5;1,96864
289,6;1,96729
289,7;1,96606
289,8;1,96502
289,9;1,96389
290;1,96227
290,1;1,96093
290,2;1,95943
290,3;1,95784
290,4;1,95671
290,5;1,9558
290,6;1,95503
290,7;1,95433
290,8;1,95315
290,9;1,95227
291;1,95187
291,1;1,95156
291,2;1,95159
291,3;1,95139
291,4;1,9511
291,5;1,95114
291,6;1,95079
291,7;1,95079
291,8;1,95061
291,9;1,94991
292;1,94961
292,1;1,94937
292,2;1,94886
292,3;1,94797
292,4;1,94715
292,5;1,94639
292,6;1,94599
292,7;1,94516
292,8;1,94444
292,9;1,94467
293;1,94563
293,1;1,9458
293,2;1,94605
293,3;1,94584
293,4;1,94544
293,5;1,94534
293,6;1,94536
293,7;1,94554
293,8;1,94563
293,9;1,94556
294;1,94549
294,1;1,94453
294,2;1,94367
294,3;1,94303
294,4;1,94266
294,5;1,94179
294,6;1,94104
294,7;1,94104
294,8;1,94106
294,9;1,94093
295;1,94055
295,1;1,94016
295,2;1,94046
295,3;1,94053
295,4;1,94101
295,5;1,94061
295,6;1,94083
295,7;1,94129
295,8;1,93994
295,9;1,9387
296;1,93842
296,1;1,93784
296,2;1,93632
296,3;1,9347
296,4;1,93376
296,5;1,93339
296,6;1,93302
296,7;1,93314
296,8;1,93353
296,9;1,93439
297;1,93542
297,1;1,9369
297,2;1,93883
297,3;1,94032
297,4;1,94166
297,5;1,94363
297,6;1,94518
297,7;1,94609
297,8;1,94628
297,9;1,94695
298;1,94913
298,1;1,95216
298,2;1,955
298,3;1,95722
298,4;1,95934
298,5;1,96206
298,6;1,96478
298,7;1,96754
298,8;1,9704
298,9;1,97189
299;1,972
299,1;1,97134
299,2;1,97035
299,3;1,96935
299,4;1,96845
299,5;1,96758
299,6;1,96696
299,7;1,96695
299,8;1,96772
299,9;1,96836
300;1,96877
300,1;1,96988
300,2;1,97147
300,3;1,97286
300,4;1,97392
300,5;1,97522
300,6;1,97592
300,7;1,97749
300,8;1,97884
300,9;1,98053
301;1,98235
301,1;1,98402
301,2;1,98611
301,3;1,98862
301,4;1,99045
301,5;1,99235
301,6;1,99484
301,7;1,99748
301,8;1,99974
301,9;2,0027
302;2,00506
302,1;2,00704
302,2;2,00889
302,3;2,0104
302,4;2,01231
302,5;2,01349
302,6;2,01323
302,7;2,01305
302,8;2,01315
302,9;2,01277
303;2,01261
303,1;2,01292
303,2;2,01319
303,3;2,01421
303,4;2,01445
303,5;2,01537
303,6;2,01666
303,7;2,01871
303,8;2,02117
303,9;2,02352
304;2,02653
304,1;2,02978
304,2;2,03348
304,3;2,03674
304,4;2,04009
304,5;2,04322
304,6;2,04574
304,7;2,0484
304,8;2,05037
304,9;2,05162
305;2,05237
305,1;2,05285
305,2;2,05324
305,3;2,05378
305,4;2,05473
305,5;2,0557
305,6;2,0568
305,7;2,0581
305,8;2,06055
305,9;2,06273
306;2,06569
306,1;2,06976
306,2;2,07382
306,3;2,07819
306,4;2,0827
306,5;2,08717
306,6;2,09184
306,7;2,09616
306,8;2,1
306,9;2,10368
307;2,10651
307,1;2,10943
307,2;2,1118
307,3;2,11439
307,4;2,11724
307,5;2,12053
307,6;2,12358
307,7;2,12654
307,8;2,12997
307,9;2,13319
308;2,13681
308,1;2,14095
308,2;2,14451
308,3;2,14797
308,4;2,15127
308,5;2,15479
308,6;2,1589
308,7;2,16272
308,8;2,16589
308,9;2,16935
309;2,17243
309,1;2,1751
309,2;2,17669
309,3;2,17859
309,4;2,18015
309,5;2,18146
309,6;2,18284
309,7;2,18442
309,8;2,18653
309,9;2,18846
310;2,19125
310,1;2,19476
310,2;2,19861
310,3;2,20293
310,4;2,20775
310,5;2,21232
310,6;2,21808
310,7;2,22394
310,8;2,22927
310,9;2,23442
311;2,23937
311,1;2,24381
311,2;2,24729
311,3;2,25067
311,4;2,25331
311,5;2,25585
311,6;2,25767
311,7;2,25939
311,8;2,26072
311,9;2,26276
312;2,26536
312,1;2,26838
312,2;2,27165
312,3;2,27598
312,4;2,28113
312,5;2,28676
312,6;2,29355
312,7;2,3005
312,8;2,30675
312,9;2,31416
313;2,32174
313,1;2,32847
313,2;2,33455
313,3;2,34005
313,4;2,34456
313,5;2,34909
313,6;2,35224
313,7;2,3536
313,8;2,35371
313,9;2,3529
314;2,35012
314,1;2,34435
314,2;2,33802
314,3;2,33653
314,4;2,34379
314,5;2,35481
314,6;2,36555
314,7;2,37557
314,8;2,38552
314,9;2,39501
315;2,40263
315,1;2,40984
315,2;2,4175
315,3;2,42471
315,4;2,43272
315,5;2,44002
315,6;2,44708
315,7;2,45412
315,8;2,46052
315,9;2,46621
316;2,47208
316,1;2,47809
316,2;2,48431
316,3;2,49049
316,4;2,49655
316,5;2,50213
316,6;2,50883
316,7;2,51605
316,8;2,52311
316,9;2,52952
317;2,53672
317,1;2,54415
317,2;2,55131
317,3;2,55889
317,4;2,56582
317,5;2,57224
317,6;2,57895
317,7;2,58622
317,8;2,59315
317,9;2,59968
318;2,60605
318,1;2,61291
318,2;2,6197
318,3;2,62666
318,4;2,63341
318,5;2,64035
318,6;2,64736
318,7;2,65405
318,8;2,66119
318,9;2,66951
319;2,67778
319,1;2,68335
319,2;2,68892
319,3;2,6955
319,4;2,70304
319,5;2,71131
319,6;2,72089
319,7;2,73014
319,8;2,73924
319,9;2,74927
320;2,75957
320,1;2,76917
320,2;2,77938
320,3;2,78895
320,4;2,79814
320,5;2,8074
320,6;2,81679
320,7;2,82618
320,8;2,83639
320,9;2,84574
321;2,85546
321,1;2,8654
321,2;2,87596
321,3;2,88647
321,4;2,89714
321,5;2,90858
321,6;2,92052
321,7;2,93176
321,8;2,94328
321,9;2,95494
322;2,96604
322,1;2,97724
322,2;2,98916
322,3;3,00086
322,4;3,01175
322,5;3,02216
322,6;3,03195
322,7;3,04176
322,8;3,05204
322,9;3,06199
323;3,0725
323,1;3,08291
323,2;3,09325
323,3;3,10346
323,4;3,11479
323,5;3,12638
323,6;3,13825
323,7;3,15078
323,8;3,16345
323,9;3,17666
324;3,18966
324,1;3,20354
324,2;3,2172
324,3;3,23188
324,4;3,24655
324,5;3,2614
324,6;3,27624
324,7;3,29056
324,8;3,30499
324,9;3,31961
325;3,33451
325,1;3,34816
325,2;3,36209
325,3;3,3765
325,4;3,39147
325,5;3,40669
325,6;3,42251
325,7;3,43817
325,8;3,45419
325,9;3,47058
326;3,48694
326,1;3,50412
326,2;3,52131
326,3;3,5379
326,4;3,55423
326,5;3,57116
326,6;3,58847
326,7;3,60587
326,8;3,62245
326,9;3,63921
327;3,65574
327,1;3,6727
327,2;3,69055
327,3;3,70828
327,4;3,72595
327,5;3,74411
327,6;3,76291
327,7;3,78258
327,8;3,80238
327,9;3,82195
328;3,84175
328,1;3,86223
328,2;3,88292
328,3;3,90435
328,4;3,9261
328,5;3,94784
328,6;3,96943
328,7;3,99142
328,8;4,01271
328,9;4,03364
329;4,05491
329,1;4,07619
329,2;4,0975
329,3;4,11946
329,4;4,14141
329,5;4,16307
329,6;4,18439
329,7;4,20717
329,8;4,23096
329,9;4,25395
330;4,27777
330,1;4,30215
330,2;4,32786
330,3;4,35538
330,4;4,38176
330,5;4,40887
330,6;4,43731
330,7;4,46761
330,8;4,49942
330,9;4,53135
331;4,56263
331,1;4,5936
331,2;4,62254
331,3;4,65017
331,4;4,67877
331,5;4,70904
331,6;4,74039
331,7;4,77363
331,8;4,80662
331,9;4,83964
332;4,8743
332,1;4,91052
332,2;4,94778
332,3;4,98637
332,4;5,02621
332,5;5,0667
332,6;5,10879
332,7;5,15258
332,8;5,19698
332,9;5,23962
333;5,2774
333,1;5,31346
333,2;5,35251
333,3;5,39585
333,4;5,4413
333,5;5,48564
333,6;5,52999
333,7;5,5756
333,8;5,62081
333,9;5,66534
334;5,71182
334,1;5,75951
334,2;5,80845
334,3;5,85885
334,4;5,90922
334,5;5,95976
334,6;6,01301
334,7;6,06816
334,8;6,1245
334,9;6,18245
335;6,23963
335,1;6,29605
335,2;6,35377
335,3;6,41359
335,4;6,47576
335,5;6,53883
335,6;6,60124
335,7;6,66346
335,8;6,72692
335,9;6,7913
336;6,85697
336,1;6,92338
336,2;6,99084
336,3;7,06011
336,4;7,13244
336,5;7,20781
336,6;7,28466
336,7;7,36517
336,8;7,44925
336,9;7,53693
337;7,62736
337,1;7,72077
337,2;7,81684
337,3;7,91495
337,4;8,01324
337,5;8,11189
337,6;8,21149
337,7;8,31231
337,8;8,41404
337,9;8,51811
338;8,62407
338,1;8,73272
338,2;8,8449
338,3;8,96041
338,4;9,08033
338,5;9,20333
338,6;9,33018
338,7;9,46264
338,8;9,60002
338,9;9,74335
339;9,89361
339,1;10,0498
339,2;10,2119
339,3;10,3802
339,4;10,5515
339,5;10,7268
339,6;10,9063
339,7;11,0917
339,8;11,2822
339,9;11,4784
340;11,6777
340,1;11,8831
340,2;12,0956
340,3;12,3124
340,4;12,5359
340,5;12,7666
340,6;13,0051
340,7;13,2557
340,8;13,5197
340,9;13,7953
341;14,0858
341,1;14,3904
341,2;14,7111
341,3;15,049
341,4;15,4018
341,5;15,7732
341,6;16,1632
341,7;16,5718
341,8;17,0015
341,9;17,4531
342;17,9243
342,1;18,4199
342,2;18,9399
342,3;19,4836
342,4;20,0576
342,5;20,6663
342,6;21,3093
342,7;21,9909
342,8;22,7133
342,9;23,4857
343;24,3158
343,1;25,2042
343,2;26,1614
343,3;27,1953
343,4;28,3105
343,5;29,5234
343,6;30,8489
343,7;32,2913
343,8;33,8677
343,9;35,5974
344;37,4974
344,1;39,5955
344,2;41,9206
344,3;44,4978
344,4;47,3622
344,5;50,5659
344,6;54,1593
344,7;58,2001
344,8;62,7366
344,9;67,8286
345;73,5365
345,1;79,897
345,2;86,912
345,3;94,4761
345,4;102,328
345,5;109,959
345,6;116,524
345,7;120,905
345,8;121,995
345,9;119,203
346;112,927
346,1;104,388
346,2;94,9814
346,3;85,7873
346,4;77,4013
346,5;70,0156
346,6;63,627
346,7;58,1515
346,8;53,4677
346,9;49,4367
347;45,9634
347,1;42,9614
347,2;40,3336
347,3;38,0055
347,4;35,922
347,5;34,0502
347,6;32,3669
347,7;30,8482
347,8;29,4676
347,9;28,208
348;27,061
348,1;26,0096
348,2;25,0313
348,3;24,1231
348,4;23,2819
348,5;22,4915
348,6;21,7478
348,7;21,0461
348,8;20,3816
348,9;19,7566
349;19,1752
349,1;18,6379
349,2;18,1421
349,3;17,6857
349,4;17,2625
349,5;16,8518
349,6;16,4402
349,7;16,0355
349,8;15,6438
349,9;15,2673
350;14,9116
350,1;14,5734
350,2;14,2523
350,3;13,9456
350,4;13,6524
350,5;13,3739
350,6;13,1094
350,7;12,8554
350,8;12,6102
350,9;12,3756
351;12,1508
351,1;11,9367
351,2;11,7296
351,3;11,5279
351,4;11,3377
351,5;11,1522
351,6;10,9619
351,7;10,777
351,8;10,6006
351,9;10,4308
352;10,2735
352,1;10,1263
352,2;9,98181
352,3;9,83978
352,4;9,69828
352,5;9,55882
352,6;9,42245
352,7;9,28921
352,8;9,16129
352,9;9,03752
353;8,91563
353,1;8,79837
353,2;8,68468
353,3;8,57319
353,4;8,46759
353,5;8,36483
353,6;8,26321
353,7;8,16653
353,8;8,07294
353,9;7,98098
354;7,89374
354,1;7,80799
354,2;7,72199
354,3;7,63886
354,4;7,55727
354,5;7,47733
354,6;7,40124
354,7;7,32597
354,8;7,25153
354,9;7,17821
355;7,10644
355,1;7,03634
355,2;6,96659
355,3;6,89638
355,4;6,82822
355,5;6,76207
355,6;6,69774
355,7;6,63549
355,8;6,57343
355,9;6,51149
356;6,45083
356,1;6,39221
356,2;6,33689
356,3;6,28255
356,4;6,22837
356,5;6,17595
356,6;6,1248
356,7;6,07405
356,8;6,02327
356,9;5,97203
357;5,92162
357,1;5,87282
357,2;5,82441
357,3;5,776
357,4;5,72615
357,5;5,67645
357,6;5,62829
357,7;5,5819
357,8;5,53517
357,9;5,48992
358;5,44682
358,1;5,40413
358,2;5,36272
358,3;5,32268
358,4;5,28324
358,5;5,24445
358,6;5,20688
358,7;5,17072
358,8;5,13657
358,9;5,10381
359;5,07218
359,1;5,0411
359,2;5,01057
359,3;4,98007
359,4;4,95012
359,5;4,9199
359,6;4,88923
359,7;4,85882
359,8;4,82824
359,9;4,79786
360;4,76772
360,1;4,73786
360,2;4,70756
360,3;4,67641
360,4;4,64487
360,5;4,61466
360,6;4,58511
360,7;4,55665
360,8;4,5291
360,9;4,50281
361;4,47834
361,1;4,45437
361,2;4,43062
361,3;4,40714
361,4;4,38253
361,5;4,35811
361,6;4,33558
361,7;4,31302
361,8;4,29016
361,9;4,26799
362;4,2451
362,1;4,22299
362,2;4,20044
362,3;4,17723
362,4;4,1535
362,5;4,12978
362,6;4,10814
362,7;4,08836
362,8;4,0684
362,9;4,04845
363;4,02897
363,1;4,00841
363,2;3,98707
363,3;3,96568
363,4;3,94237
363,5;3,91939
363,6;3,90154
363,7;3,88779
363,8;3,87667
363,9;3,866
364;3,85346
364,1;3,83988
364,2;3,82531
364,3;3,80885
364,4;3,79085
364,5;3,77078
364,6;3,74859
364,7;3,72543
364,8;3,70311
364,9;3,68143
365;3,66082
365,1;3,64175
365,2;3,6236
365,3;3,60679
365,4;3,5905
365,5;3,5757
365,6;3,56129
365,7;3,54704
365,8;3,53341
365,9;3,51996
366;3,50681
366,1;3,49412
366,2;3,48141
366,3;3,46708
366,4;3,45361
366,5;3,44001
366,6;3,42593
366,7;3,41255
366,8;3,39893
366,9;3,385
367;3,37128
367,1;3,35793
367,2;3,34493
367,3;3,33213
367,4;3,31926
367,5;3,30798
367,6;3,29832
367,7;3,28978
367,8;3,28182
367,9;3,27436
368;3,26899
368,1;3,26209
368,2;3,25202
368,3;3,24157
368,4;3,23163
368,5;3,21954
368,6;3,20506
368,7;3,19043
368,8;3,17628
368,9;3,16178
369;3,14774
369,1;3,13446
369,2;3,12142
369,3;3,1093
369,4;3,0973
369,5;3,08584
369,6;3,07409
369,7;3,06244
369,8;3,05254
369,9;3,04294
370;3,03281
370,1;3,02287
370,2;3,01376
370,3;3,00455
370,4;2,99606
370,5;2,98745
370,6;2,97821
370,7;2,96899
370,8;2,96064
370,9;2,95239
371;2,94347
371,1;2,9354
371,2;2,92575
371,3;2,91518
371,4;2,90536
371,5;2,89605
371,6;2,88604
371,7;2,87591
371,8;2,86593
371,9;2,8554
372;2,84573
372,1;2,83636
372,2;2,82698
372,3;2,81729
372,4;2,80768
372,5;2,79842
372,6;2,79034
372,7;2,78171
372,8;2,77372
372,9;2,76634
373;2,75915
373,1;2,75219
373,2;2,74541
373,3;2,7386
373,4;2,73211
373,5;2,72609
373,6;2,71984
373,7;2,71327
373,8;2,70668
373,9;2,69927
374;2,69221
374,1;2,68543
374,2;2,67805
374,3;2,67101
374,4;2,66362
374,5;2,65607
374,6;2,64879
374,7;2,64216
374,8;2,63586
374,9;2,62956
375;2,62339
375,1;2,61744
375,2;2,61201
375,3;2,60641
375,4;2,6011
375,5;2,59628
375,6;2,59166
375,7;2,58661
375,8;2,58267
375,9;2,57899
376;2,57432
376,1;2,56968
376,2;2,56425
376,3;2,55837
376,4;2,55311
376,5;2,5472
376,6;2,54054
376,7;2,53425
376,8;2,52836
376,9;2,52209
377;2,51625
377,1;2,51076
377,2;2,50456
377,3;2,49816
377,4;2,49197
377,5;2,48662
377,6;2,48082
377,7;2,47465
377,8;2,46866
377,9;2,462
378;2,45519
378,1;2,44905
378,2;2,4416
378,3;2,43377
378,4;2,42671
378,5;2,42021
378,6;2,41423
378,7;2,40785
378,8;2,40128
378,9;2,39523
379;2,39032
379,1;2,38519
379,2;2,37997
379,3;2,37484
379,4;2,36959
379,5;2,36489
379,6;2,36155
379,7;2,35935
379,8;2,35648
379,9;2,35285
380;2,34879
380,1;2,34444
380,2;2,33996
380,3;2,33665
380,4;2,33322
380,5;2,32907
380,6;2,32587
380,7;2,3234
380,8;2,3199
380,9;2,31464
381;2,31086
381,1;2,3068
381,2;2,30187
381,3;2,29777
381,4;2,29316
381,5;2,28843
381,6;2,28407
381,7;2,27984
381,8;2,27563
381,9;2,27215
382;2,26908
382,1;2,26562
382,2;2,26191
382,3;2,25832
382,4;2,25521
382,5;2,25274
382,6;2,25046
382,7;2,24761
382,8;2,24514
382,9;2,24355
383;2,24153
383,1;2,23924
383,2;2,23685
383,3;2,23417
383,4;2,23228
383,5;2,23001
383,6;2,22703
383,7;2,22327
383,8;2,22033
383,9;2,21724
384;2,21409
384,1;2,21177
384,2;2,2089
384,3;2,20553
384,4;2,20255
384,5;2,20099
384,6;2,19889
384,7;2,19552
384,8;2,19205
384,9;2,18854
385;2,18519
385,1;2,18196
385,2;2,17864
385,3;2,17547
385,4;2,17293
385,5;2,16989
385,6;2,1678
385,7;2,16622
385,8;2,164
385,9;2,16179
386;2,15933
386,1;2,15653
386,2;2,15355
386,3;2,15097
386,4;2,14898
386,5;2,1466
386,6;2,14453
386,7;2,14278
386,8;2,14159
386,9;2,14004
387;2,1386
387,1;2,13685
387,2;2,13522
387,3;2,1337
387,4;2,13282
387,5;2,13249
387,6;2,13094
387,7;2,12922
387,8;2,12817
387,9;2,128
388;2,12619
388,1;2,1238
388,2;2,12175
388,3;2,11932
388,4;2,11749
388,5;2,11641
388,6;2,11417
388,7;2,11019
388,8;2,10716
388,9;2,10506
389;2,10228
389,1;2,09937
389,2;2,09611
389,3;2,09252
389,4;2,0909
389,5;2,09022
389,6;2,08752
389,7;2,0844
389,8;2,0828
389,9;2,08178
390;2,08108
390,1;2,08003
390,2;2,07901
390,3;2,07725
390,4;2,07535
390,5;2,07368
390,6;2,07169
390,7;2,06924
390,8;2,06805
390,9;2,06685
391;2,06551
391,1;2,06507
391,2;2,06312
391,3;2,0615
391,4;2,06068
391,5;2,05955
391,6;2,05855
391,7;2,05855
391,8;2,05912
391,9;2,05902
392;2,0592
392,1;2,06018
392,2;2,05996
392,3;2,05943
392,4;2,05957
392,5;2,06001
392,6;2,06022
392,7;2,06053
392,8;2,06174
392,9;2,06168
393;2,06094
393,1;2,05993
393,2;2,05759
393,3;2,05639
393,4;2,05654
393,5;2,05702
393,6;2,05773
393,7;2,05846
393,8;2,05922
393,9;2,06065
394;2,06137
394,1;2,06084
394,2;2,06035
394,3;2,05933
394,4;2,05911
394,5;2,06068
394,6;2,06127
394,7;2,05929
394,8;2,05769
394,9;2,05615
395;2,05425
395,1;2,05242
395,2;2,05102
395,3;2,0488
395,4;2,04855
395,5;2,05115
395,6;2,0528
395,7;2,05328
395,8;2,05328
395,9;2,05245
396;2,05053
396,1;2,04863
396,2;2,04668
396,3;2,04566
396,4;2,05008
396,5;2,05849
396,6;2,06579
396,7;2,0731
396,8;2,07754
396,9;2,0784
397;2,08106
397,1;2,08448
397,2;2,08611
397,3;2,08724
397,4;2,08856
397,5;2,08937
397,6;2,09114
397,7;2,09419
397,8;2,09686
397,9;2,09768
398;2,1
398,1;2,10478
398,2;2,11003
398,3;2,11629
398,4;2,12404
398,5;2,12892
398,6;2,13282
398,7;2,13832
398,8;2,14088
398,9;2,14183
399;2,14259
399,1;2,14184
399,2;2,14094
399,3;2,14057
399,4;2,14083
399,5;2,14032
399,6;2,14039
399,7;2,13856
399,8;2,13765
399,9;2,13743
400;2,13521
